Goal_X,Goal_Y,Epsilon,N,Iteracion,Exito,Tiempo_s,Waypoints
5.0,0.0,0.2,100,1,False,0.0249,1
5.0,0.0,0.2,100,2,False,0.0117,1
5.0,0.0,0.2,100,3,False,0.0171,1
5.0,0.0,0.2,100,4,False,0.0188,1
5.0,0.0,0.2,100,5,False,0.0107,1
5.0,0.0,0.2,100,6,False,0.0116,1
5.0,0.0,0.2,100,7,False,0.0256,1
5.0,0.0,0.2,100,8,False,0.0129,1
5.0,0.0,0.2,100,9,False,0.0099,1
5.0,0.0,0.2,100,10,False,0.0111,1
5.0,0.0,0.2,300,1,False,0.0410,1
5.0,0.0,0.2,300,2,False,0.0377,1
5.0,0.0,0.2,300,3,False,0.0356,1
5.0,0.0,0.2,300,4,True,0.0276,35
5.0,0.0,0.2,300,5,False,0.0348,1
5.0,0.0,0.2,300,6,False,0.0342,1
5.0,0.0,0.2,300,7,False,0.0340,1
5.0,0.0,0.2,300,8,False,0.0415,1
5.0,0.0,0.2,300,9,True,0.0225,30
5.0,0.0,0.2,300,10,False,0.0421,1
5.0,0.0,0.2,600,1,True,0.0961,36
5.0,0.0,0.2,600,2,False,0.0990,1
5.0,0.0,0.2,600,3,False,0.1102,1
5.0,0.0,0.2,600,4,False,0.0828,1
5.0,0.0,0.2,600,5,False,0.0748,1
5.0,0.0,0.2,600,6,False,0.0809,1
5.0,0.0,0.2,600,7,False,0.0821,1
5.0,0.0,0.2,600,8,False,0.0922,1
5.0,0.0,0.2,600,9,False,0.0978,1
5.0,0.0,0.2,600,10,False,0.0845,1
5.0,0.0,0.2,900,1,False,0.1445,1
5.0,0.0,0.2,900,2,True,0.1050,44
5.0,0.0,0.2,900,3,False,0.1684,1
5.0,0.0,0.2,900,4,False,0.1719,1
5.0,0.0,0.2,900,5,True,0.0830,38
5.0,0.0,0.2,900,6,False,0.1603,1
5.0,0.0,0.2,900,7,False,0.1462,1
5.0,0.0,0.2,900,8,False,0.1589,1
5.0,0.0,0.2,900,9,False,0.1524,1
5.0,0.0,0.2,900,10,True,0.0274,32
5.0,0.0,0.5,100,1,True,0.0171,13
5.0,0.0,0.5,100,2,False,0.0143,1
5.0,0.0,0.5,100,3,True,0.0249,13
5.0,0.0,0.5,100,4,True,0.0143,18
5.0,0.0,0.5,100,5,False,0.0162,1
5.0,0.0,0.5,100,6,False,0.0133,1
5.0,0.0,0.5,100,7,True,0.0174,15
5.0,0.0,0.5,100,8,True,0.0249,13
5.0,0.0,0.5,100,9,True,0.0067,14
5.0,0.0,0.5,100,10,True,0.0134,13
5.0,0.0,0.5,300,1,False,0.0530,1
5.0,0.0,0.5,300,2,True,0.0152,14
5.0,0.0,0.5,300,3,True,0.0243,18
5.0,0.0,0.5,300,4,True,0.0201,14
5.0,0.0,0.5,300,5,True,0.0304,13
5.0,0.0,0.5,300,6,True,0.0179,16
5.0,0.0,0.5,300,7,True,0.0142,15
5.0,0.0,0.5,300,8,True,0.0152,13
5.0,0.0,0.5,300,9,True,0.0163,14
5.0,0.0,0.5,300,10,False,0.0429,1
5.0,0.0,0.5,600,1,True,0.0236,16
5.0,0.0,0.5,600,2,True,0.0160,16
5.0,0.0,0.5,600,3,True,0.0345,16
5.0,0.0,0.5,600,4,True,0.0243,14
5.0,0.0,0.5,600,5,True,0.0121,14
5.0,0.0,0.5,600,6,True,0.0191,17
5.0,0.0,0.5,600,7,True,0.0533,18
5.0,0.0,0.5,600,8,True,0.0410,15
5.0,0.0,0.5,600,9,True,0.0252,19
5.0,0.0,0.5,600,10,True,0.0219,17
5.0,0.0,0.5,900,1,True,0.0243,14
5.0,0.0,0.5,900,2,True,0.0185,15
5.0,0.0,0.5,900,3,True,0.0158,16
5.0,0.0,0.5,900,4,True,0.0087,14
5.0,0.0,0.5,900,5,True,0.0171,16
5.0,0.0,0.5,900,6,True,0.0398,16
5.0,0.0,0.5,900,7,True,0.0087,14
5.0,0.0,0.5,900,8,True,0.0695,17
5.0,0.0,0.5,900,9,True,0.0535,16
5.0,0.0,0.5,900,10,True,0.0513,15
5.0,0.0,0.8,100,1,True,0.0344,11
5.0,0.0,0.8,100,2,True,0.0103,9
5.0,0.0,0.8,100,3,True,0.0169,9
5.0,0.0,0.8,100,4,True,0.0101,9
5.0,0.0,0.8,100,5,False,0.0260,1
5.0,0.0,0.8,100,6,True,0.0127,10
5.0,0.0,0.8,100,7,True,0.0096,10
5.0,0.0,0.8,100,8,True,0.0167,10
5.0,0.0,0.8,100,9,False,0.0162,1
5.0,0.0,0.8,100,10,True,0.0100,10
5.0,0.0,0.8,300,1,True,0.0132,12
5.0,0.0,0.8,300,2,True,0.0096,9
5.0,0.0,0.8,300,3,True,0.0090,12
5.0,0.0,0.8,300,4,True,0.0060,11
5.0,0.0,0.8,300,5,True,0.0108,12
5.0,0.0,0.8,300,6,True,0.0103,10
5.0,0.0,0.8,300,7,True,0.0054,9
5.0,0.0,0.8,300,8,True,0.0081,9
5.0,0.0,0.8,300,9,True,0.0302,10
5.0,0.0,0.8,300,10,True,0.0128,13
5.0,0.0,0.8,600,1,True,0.0091,10
5.0,0.0,0.8,600,2,True,0.0099,9
5.0,0.0,0.8,600,3,True,0.0423,15
5.0,0.0,0.8,600,4,True,0.1082,16
5.0,0.0,0.8,600,5,True,0.0445,13
5.0,0.0,0.8,600,6,True,0.0161,11
5.0,0.0,0.8,600,7,True,0.0241,12
5.0,0.0,0.8,600,8,True,0.0371,13
5.0,0.0,0.8,600,9,True,0.0170,9
5.0,0.0,0.8,600,10,True,0.0094,9
5.0,0.0,0.8,900,1,True,0.0366,12
5.0,0.0,0.8,900,2,True,0.0164,9
5.0,0.0,0.8,900,3,True,0.0402,11
5.0,0.0,0.8,900,4,True,0.0174,9
5.0,0.0,0.8,900,5,True,0.0196,9
5.0,0.0,0.8,900,6,True,0.0265,9
5.0,0.0,0.8,900,7,True,0.0219,10
5.0,0.0,0.8,900,8,True,0.0221,12
5.0,0.0,0.8,900,9,True,0.0077,8
5.0,0.0,0.8,900,10,True,0.0117,10
5.0,0.0,1.0,100,1,True,0.0133,9
5.0,0.0,1.0,100,2,True,0.0058,7
5.0,0.0,1.0,100,3,True,0.0238,9
5.0,0.0,1.0,100,4,False,0.0239,1
5.0,0.0,1.0,100,5,True,0.0212,7
5.0,0.0,1.0,100,6,True,0.0194,10
5.0,0.0,1.0,100,7,True,0.0151,9
5.0,0.0,1.0,100,8,True,0.0070,8
5.0,0.0,1.0,100,9,True,0.0056,8
5.0,0.0,1.0,100,10,True,0.0052,7
5.0,0.0,1.0,300,1,True,0.0179,8
5.0,0.0,1.0,300,2,True,0.0052,7
5.0,0.0,1.0,300,3,True,0.0093,7
5.0,0.0,1.0,300,4,True,0.0155,8
5.0,0.0,1.0,300,5,True,0.0110,8
5.0,0.0,1.0,300,6,True,0.0061,7
5.0,0.0,1.0,300,7,True,0.0132,9
5.0,0.0,1.0,300,8,True,0.0257,8
5.0,0.0,1.0,300,9,True,0.0065,10
5.0,0.0,1.0,300,10,True,0.0103,8
5.0,0.0,1.0,600,1,True,0.0133,7
5.0,0.0,1.0,600,2,True,0.0092,8
5.0,0.0,1.0,600,3,True,0.0038,7
5.0,0.0,1.0,600,4,True,0.0270,11
5.0,0.0,1.0,600,5,True,0.0357,8
5.0,0.0,1.0,600,6,True,0.0134,8
5.0,0.0,1.0,600,7,True,0.0146,10
5.0,0.0,1.0,600,8,True,0.0303,10
5.0,0.0,1.0,600,9,True,0.0056,8
5.0,0.0,1.0,600,10,True,0.0163,10
5.0,0.0,1.0,900,1,True,0.0036,8
5.0,0.0,1.0,900,2,True,0.0076,8
5.0,0.0,1.0,900,3,True,0.0034,7
5.0,0.0,1.0,900,4,True,0.0309,8
5.0,0.0,1.0,900,5,True,0.0093,8
5.0,0.0,1.0,900,6,True,0.0056,7
5.0,0.0,1.0,900,7,True,0.0040,8
5.0,0.0,1.0,900,8,True,0.0165,10
5.0,0.0,1.0,900,9,True,0.0072,11
5.0,0.0,1.0,900,10,True,0.0072,7
7.0,-4.0,0.2,100,1,False,0.0193,1
7.0,-4.0,0.2,100,2,False,0.0148,1
7.0,-4.0,0.2,100,3,False,0.0192,1
7.0,-4.0,0.2,100,4,False,0.0105,1
7.0,-4.0,0.2,100,5,False,0.0152,1
7.0,-4.0,0.2,100,6,False,0.0105,1
7.0,-4.0,0.2,100,7,False,0.0157,1
7.0,-4.0,0.2,100,8,False,0.0162,1
7.0,-4.0,0.2,100,9,False,0.0177,1
7.0,-4.0,0.2,100,10,False,0.0148,1
7.0,-4.0,0.2,300,1,False,0.0436,1
7.0,-4.0,0.2,300,2,False,0.0463,1
7.0,-4.0,0.2,300,3,False,0.0426,1
7.0,-4.0,0.2,300,4,False,0.0381,1
7.0,-4.0,0.2,300,5,False,0.0392,1
7.0,-4.0,0.2,300,6,False,0.0360,1
7.0,-4.0,0.2,300,7,False,0.0529,1
7.0,-4.0,0.2,300,8,False,0.0313,1
7.0,-4.0,0.2,300,9,False,0.0344,1
7.0,-4.0,0.2,300,10,False,0.0424,1
7.0,-4.0,0.2,600,1,False,0.0840,1
7.0,-4.0,0.2,600,2,False,0.0821,1
7.0,-4.0,0.2,600,3,False,0.0803,1
7.0,-4.0,0.2,600,4,False,0.0811,1
7.0,-4.0,0.2,600,5,False,0.0850,1
7.0,-4.0,0.2,600,6,False,0.0771,1
7.0,-4.0,0.2,600,7,False,0.0949,1
7.0,-4.0,0.2,600,8,False,0.0779,1
7.0,-4.0,0.2,600,9,False,0.0842,1
7.0,-4.0,0.2,600,10,False,0.0967,1
7.0,-4.0,0.2,900,1,False,0.1629,1
7.0,-4.0,0.2,900,2,False,0.1311,1
7.0,-4.0,0.2,900,3,False,0.1515,1
7.0,-4.0,0.2,900,4,False,0.1594,1
7.0,-4.0,0.2,900,5,False,0.1488,1
7.0,-4.0,0.2,900,6,False,0.1630,1
7.0,-4.0,0.2,900,7,False,0.1463,1
7.0,-4.0,0.2,900,8,False,0.1440,1
7.0,-4.0,0.2,900,9,False,0.1700,1
7.0,-4.0,0.2,900,10,False,0.1435,1
7.0,-4.0,0.5,100,1,False,0.0240,1
7.0,-4.0,0.5,100,2,False,0.0159,1
7.0,-4.0,0.5,100,3,False,0.0139,1
7.0,-4.0,0.5,100,4,False,0.0213,1
7.0,-4.0,0.5,100,5,False,0.0118,1
7.0,-4.0,0.5,100,6,False,0.0146,1
7.0,-4.0,0.5,100,7,False,0.0178,1
7.0,-4.0,0.5,100,8,False,0.0163,1
7.0,-4.0,0.5,100,9,False,0.0249,1
7.0,-4.0,0.5,100,10,False,0.0129,1
7.0,-4.0,0.5,300,1,False,0.0512,1
7.0,-4.0,0.5,300,2,False,0.0453,1
7.0,-4.0,0.5,300,3,False,0.0540,1
7.0,-4.0,0.5,300,4,True,0.0391,23
7.0,-4.0,0.5,300,5,True,0.0495,26
7.0,-4.0,0.5,300,6,False,0.0452,1
7.0,-4.0,0.5,300,7,True,0.0539,22
7.0,-4.0,0.5,300,8,False,0.0416,1
7.0,-4.0,0.5,300,9,True,0.0413,22
7.0,-4.0,0.5,300,10,False,0.0431,1
7.0,-4.0,0.5,600,1,True,0.0913,30
7.0,-4.0,0.5,600,2,True,0.0464,20
7.0,-4.0,0.5,600,3,True,0.0622,26
7.0,-4.0,0.5,600,4,True,0.0287,24
7.0,-4.0,0.5,600,5,True,0.0659,28
7.0,-4.0,0.5,600,6,False,0.1053,1
7.0,-4.0,0.5,600,7,False,0.1028,1
7.0,-4.0,0.5,600,8,True,0.0316,21
7.0,-4.0,0.5,600,9,True,0.0529,21
7.0,-4.0,0.5,600,10,True,0.0429,21
7.0,-4.0,0.5,900,1,True,0.0789,27
7.0,-4.0,0.5,900,2,True,0.0799,24
7.0,-4.0,0.5,900,3,True,0.0533,24
7.0,-4.0,0.5,900,4,True,0.0393,21
7.0,-4.0,0.5,900,5,True,0.0381,25
7.0,-4.0,0.5,900,6,True,0.1116,29
7.0,-4.0,0.5,900,7,True,0.0387,26
7.0,-4.0,0.5,900,8,True,0.0796,25
7.0,-4.0,0.5,900,9,True,0.0299,24
7.0,-4.0,0.5,900,10,True,0.0504,20
7.0,-4.0,0.8,100,1,False,0.0167,1
7.0,-4.0,0.8,100,2,False,0.0200,1
7.0,-4.0,0.8,100,3,False,0.0143,1
7.0,-4.0,0.8,100,4,False,0.0175,1
7.0,-4.0,0.8,100,5,False,0.0146,1
7.0,-4.0,0.8,100,6,False,0.0117,1
7.0,-4.0,0.8,100,7,False,0.0173,1
7.0,-4.0,0.8,100,8,False,0.0131,1
7.0,-4.0,0.8,100,9,True,0.0143,13
7.0,-4.0,0.8,100,10,False,0.0313,1
7.0,-4.0,0.8,300,1,True,0.0324,15
7.0,-4.0,0.8,300,2,True,0.0260,13
7.0,-4.0,0.8,300,3,True,0.0151,16
7.0,-4.0,0.8,300,4,True,0.0450,14
7.0,-4.0,0.8,300,5,True,0.0170,16
7.0,-4.0,0.8,300,6,True,0.0302,17
7.0,-4.0,0.8,300,7,True,0.0182,15
7.0,-4.0,0.8,300,8,True,0.0184,14
7.0,-4.0,0.8,300,9,True,0.0306,16
7.0,-4.0,0.8,300,10,True,0.0453,17
7.0,-4.0,0.8,600,1,True,0.0123,16
7.0,-4.0,0.8,600,2,True,0.0964,16
7.0,-4.0,0.8,600,3,True,0.0332,16
7.0,-4.0,0.8,600,4,True,0.0513,13
7.0,-4.0,0.8,600,5,True,0.0240,15
7.0,-4.0,0.8,600,6,True,0.0166,14
7.0,-4.0,0.8,600,7,True,0.0260,16
7.0,-4.0,0.8,600,8,True,0.0635,15
7.0,-4.0,0.8,600,9,True,0.0100,14
7.0,-4.0,0.8,600,10,True,0.0218,16
7.0,-4.0,0.8,900,1,True,0.0272,15
7.0,-4.0,0.8,900,2,True,0.0304,14
7.0,-4.0,0.8,900,3,True,0.0351,15
7.0,-4.0,0.8,900,4,True,0.0340,14
7.0,-4.0,0.8,900,5,True,0.0451,17
7.0,-4.0,0.8,900,6,True,0.0323,13
7.0,-4.0,0.8,900,7,True,0.0259,16
7.0,-4.0,0.8,900,8,True,0.0238,15
7.0,-4.0,0.8,900,9,True,0.0310,14
7.0,-4.0,0.8,900,10,True,0.0307,18
7.0,-4.0,1.0,100,1,True,0.0247,13
7.0,-4.0,1.0,100,2,True,0.0296,12
7.0,-4.0,1.0,100,3,True,0.0086,12
7.0,-4.0,1.0,100,4,True,0.0222,12
7.0,-4.0,1.0,100,5,False,0.0233,1
7.0,-4.0,1.0,100,6,True,0.0340,12
7.0,-4.0,1.0,100,7,True,0.0178,14
7.0,-4.0,1.0,100,8,False,0.0211,1
7.0,-4.0,1.0,100,9,False,0.0133,1
7.0,-4.0,1.0,100,10,True,0.0121,11
7.0,-4.0,1.0,300,1,True,0.0241,15
7.0,-4.0,1.0,300,2,True,0.0117,14
7.0,-4.0,1.0,300,3,True,0.0170,11
7.0,-4.0,1.0,300,4,True,0.0186,12
7.0,-4.0,1.0,300,5,True,0.0108,13
7.0,-4.0,1.0,300,6,True,0.0263,14
7.0,-4.0,1.0,300,7,True,0.0498,15
7.0,-4.0,1.0,300,8,True,0.0136,11
7.0,-4.0,1.0,300,9,True,0.0292,16
7.0,-4.0,1.0,300,10,True,0.0510,12
7.0,-4.0,1.0,600,1,True,0.0367,13
7.0,-4.0,1.0,600,2,True,0.0370,14
7.0,-4.0,1.0,600,3,True,0.0273,12
7.0,-4.0,1.0,600,4,True,0.0146,12
7.0,-4.0,1.0,600,5,True,0.0152,14
7.0,-4.0,1.0,600,6,True,0.0330,12
7.0,-4.0,1.0,600,7,True,0.0184,13
7.0,-4.0,1.0,600,8,True,0.0248,11
7.0,-4.0,1.0,600,9,True,0.0209,12
7.0,-4.0,1.0,600,10,True,0.0221,15
7.0,-4.0,1.0,900,1,True,0.0177,13
7.0,-4.0,1.0,900,2,True,0.0348,13
7.0,-4.0,1.0,900,3,True,0.0190,11
7.0,-4.0,1.0,900,4,True,0.0179,11
7.0,-4.0,1.0,900,5,True,0.0146,16
7.0,-4.0,1.0,900,6,True,0.0167,13
7.0,-4.0,1.0,900,7,True,0.0226,11
7.0,-4.0,1.0,900,8,True,0.0533,15
7.0,-4.0,1.0,900,9,True,0.0318,17
7.0,-4.0,1.0,900,10,True,0.0248,12
6.0,-2.5,0.2,100,1,False,0.0103,1
6.0,-2.5,0.2,100,2,False,0.0133,1
6.0,-2.5,0.2,100,3,False,0.0106,1
6.0,-2.5,0.2,100,4,False,0.0091,1
6.0,-2.5,0.2,100,5,False,0.0158,1
6.0,-2.5,0.2,100,6,False,0.0127,1
6.0,-2.5,0.2,100,7,False,0.0135,1
6.0,-2.5,0.2,100,8,False,0.0132,1
6.0,-2.5,0.2,100,9,False,0.0085,1
6.0,-2.5,0.2,100,10,False,0.0156,1
6.0,-2.5,0.2,300,1,False,0.0305,1
6.0,-2.5,0.2,300,2,False,0.0398,1
6.0,-2.5,0.2,300,3,False,0.0382,1
6.0,-2.5,0.2,300,4,False,0.0393,1
6.0,-2.5,0.2,300,5,False,0.0413,1
6.0,-2.5,0.2,300,6,True,0.0459,42
6.0,-2.5,0.2,300,7,False,0.0312,1
6.0,-2.5,0.2,300,8,False,0.0318,1
6.0,-2.5,0.2,300,9,False,0.0417,1
6.0,-2.5,0.2,300,10,False,0.0421,1
6.0,-2.5,0.2,600,1,False,0.0742,1
6.0,-2.5,0.2,600,2,False,0.0949,1
6.0,-2.5,0.2,600,3,False,0.1047,1
6.0,-2.5,0.2,600,4,False,0.0769,1
6.0,-2.5,0.2,600,5,True,0.0557,44
6.0,-2.5,0.2,600,6,False,0.0875,1
6.0,-2.5,0.2,600,7,False,0.0740,1
6.0,-2.5,0.2,600,8,True,0.0570,45
6.0,-2.5,0.2,600,9,True,0.0653,46
6.0,-2.5,0.2,600,10,True,0.0310,43
6.0,-2.5,0.2,900,1,False,0.1375,1
6.0,-2.5,0.2,900,2,False,0.1383,1
6.0,-2.5,0.2,900,3,True,0.0539,42
6.0,-2.5,0.2,900,4,True,0.0684,38
6.0,-2.5,0.2,900,5,True,0.1198,52
6.0,-2.5,0.2,900,6,False,0.1441,1
6.0,-2.5,0.2,900,7,False,0.1474,1
6.0,-2.5,0.2,900,8,True,0.1416,44
6.0,-2.5,0.2,900,9,True,0.0908,41
6.0,-2.5,0.2,900,10,True,0.0750,40
6.0,-2.5,0.5,100,1,True,0.0111,16
6.0,-2.5,0.5,100,2,True,0.0123,17
6.0,-2.5,0.5,100,3,False,0.0217,1
6.0,-2.5,0.5,100,4,True,0.0171,17
6.0,-2.5,0.5,100,5,False,0.0193,1
6.0,-2.5,0.5,100,6,False,0.0212,1
6.0,-2.5,0.5,100,7,False,0.0214,1
6.0,-2.5,0.5,100,8,False,0.0168,1
6.0,-2.5,0.5,100,9,False,0.0173,1
6.0,-2.5,0.5,100,10,False,0.0161,1
6.0,-2.5,0.5,300,1,True,0.0333,20
6.0,-2.5,0.5,300,2,True,0.0320,19
6.0,-2.5,0.5,300,3,True,0.0325,19
6.0,-2.5,0.5,300,4,True,0.0182,20
6.0,-2.5,0.5,300,5,True,0.0203,22
6.0,-2.5,0.5,300,6,True,0.0156,19
6.0,-2.5,0.5,300,7,True,0.0297,19
6.0,-2.5,0.5,300,8,True,0.0132,17
6.0,-2.5,0.5,300,9,True,0.0153,20
6.0,-2.5,0.5,300,10,True,0.0165,17
6.0,-2.5,0.5,600,1,True,0.0373,23
6.0,-2.5,0.5,600,2,True,0.0649,21
6.0,-2.5,0.5,600,3,True,0.0206,17
6.0,-2.5,0.5,600,4,True,0.0197,17
6.0,-2.5,0.5,600,5,True,0.0320,19
6.0,-2.5,0.5,600,6,True,0.0324,24
6.0,-2.5,0.5,600,7,True,0.0181,16
6.0,-2.5,0.5,600,8,False,0.1040,1
6.0,-2.5,0.5,600,9,True,0.0699,19
6.0,-2.5,0.5,600,10,True,0.0865,20
6.0,-2.5,0.5,900,1,True,0.0183,19
6.0,-2.5,0.5,900,2,True,0.0203,20
6.0,-2.5,0.5,900,3,True,0.0122,19
6.0,-2.5,0.5,900,4,True,0.1940,21
6.0,-2.5,0.5,900,5,True,0.1080,20
6.0,-2.5,0.5,900,6,True,0.0441,17
6.0,-2.5,0.5,900,7,True,0.0607,23
6.0,-2.5,0.5,900,8,True,0.0243,18
6.0,-2.5,0.5,900,9,True,0.0262,16
6.0,-2.5,0.5,900,10,True,0.0216,18
6.0,-2.5,0.8,100,1,False,0.0146,1
6.0,-2.5,0.8,100,2,False,0.0248,1
6.0,-2.5,0.8,100,3,True,0.0092,11
6.0,-2.5,0.8,100,4,False,0.0113,1
6.0,-2.5,0.8,100,5,True,0.0062,11
6.0,-2.5,0.8,100,6,True,0.0069,11
6.0,-2.5,0.8,100,7,True,0.0191,12
6.0,-2.5,0.8,100,8,True,0.0182,11
6.0,-2.5,0.8,100,9,True,0.0072,10
6.0,-2.5,0.8,100,10,True,0.0270,10
6.0,-2.5,0.8,300,1,True,0.0068,10
6.0,-2.5,0.8,300,2,True,0.0101,11
6.0,-2.5,0.8,300,3,True,0.0246,15
6.0,-2.5,0.8,300,4,True,0.0103,13
6.0,-2.5,0.8,300,5,True,0.0157,16
6.0,-2.5,0.8,300,6,True,0.0074,11
6.0,-2.5,0.8,300,7,True,0.0320,11
6.0,-2.5,0.8,300,8,True,0.0254,17
6.0,-2.5,0.8,300,9,True,0.0335,14
6.0,-2.5,0.8,300,10,True,0.0065,11
6.0,-2.5,0.8,600,1,True,0.0083,12
6.0,-2.5,0.8,600,2,True,0.0143,13
6.0,-2.5,0.8,600,3,True,0.0140,14
6.0,-2.5,0.8,600,4,True,0.0163,12
6.0,-2.5,0.8,600,5,True,0.0201,14
6.0,-2.5,0.8,600,6,True,0.0100,10
6.0,-2.5,0.8,600,7,True,0.0205,15
6.0,-2.5,0.8,600,8,True,0.0206,12
6.0,-2.5,0.8,600,9,True,0.0121,12
6.0,-2.5,0.8,600,10,True,0.0241,14
6.0,-2.5,0.8,900,1,True,0.0208,14
6.0,-2.5,0.8,900,2,True,0.0504,13
6.0,-2.5,0.8,900,3,True,0.0413,16
6.0,-2.5,0.8,900,4,True,0.0280,19
6.0,-2.5,0.8,900,5,True,0.0079,11
6.0,-2.5,0.8,900,6,True,0.0341,11
6.0,-2.5,0.8,900,7,True,0.0181,12
6.0,-2.5,0.8,900,8,True,0.0522,16
6.0,-2.5,0.8,900,9,True,0.0126,12
6.0,-2.5,0.8,900,10,True,0.0282,13
6.0,-2.5,1.0,100,1,True,0.0051,10
6.0,-2.5,1.0,100,2,True,0.0222,9
6.0,-2.5,1.0,100,3,True,0.0073,9
6.0,-2.5,1.0,100,4,False,0.0163,1
6.0,-2.5,1.0,100,5,True,0.0117,10
6.0,-2.5,1.0,100,6,True,0.0125,10
6.0,-2.5,1.0,100,7,True,0.0129,10
6.0,-2.5,1.0,100,8,True,0.0080,9
6.0,-2.5,1.0,100,9,True,0.0117,11
6.0,-2.5,1.0,100,10,True,0.0078,9
6.0,-2.5,1.0,300,1,True,0.0111,9
6.0,-2.5,1.0,300,2,True,0.0210,9
6.0,-2.5,1.0,300,3,True,0.0295,15
6.0,-2.5,1.0,300,4,True,0.0100,9
6.0,-2.5,1.0,300,5,True,0.0379,15
6.0,-2.5,1.0,300,6,True,0.0101,11
6.0,-2.5,1.0,300,7,True,0.0094,10
6.0,-2.5,1.0,300,8,True,0.0102,10
6.0,-2.5,1.0,300,9,True,0.0301,12
6.0,-2.5,1.0,300,10,True,0.0067,9
6.0,-2.5,1.0,600,1,True,0.0080,13
6.0,-2.5,1.0,600,2,True,0.0165,14
6.0,-2.5,1.0,600,3,True,0.0091,10
6.0,-2.5,1.0,600,4,True,0.0340,10
6.0,-2.5,1.0,600,5,True,0.0168,12
6.0,-2.5,1.0,600,6,True,0.0279,12
6.0,-2.5,1.0,600,7,True,0.0131,10
6.0,-2.5,1.0,600,8,True,0.0103,9
6.0,-2.5,1.0,600,9,True,0.0136,9
6.0,-2.5,1.0,600,10,True,0.0077,11
6.0,-2.5,1.0,900,1,True,0.0127,12
6.0,-2.5,1.0,900,2,True,0.0155,11
6.0,-2.5,1.0,900,3,True,0.0241,11
6.0,-2.5,1.0,900,4,True,0.0224,13
6.0,-2.5,1.0,900,5,True,0.0109,9
6.0,-2.5,1.0,900,6,True,0.0178,10
6.0,-2.5,1.0,900,7,True,0.0137,9
6.0,-2.5,1.0,900,8,True,0.0081,11
6.0,-2.5,1.0,900,9,True,0.0174,10
6.0,-2.5,1.0,900,10,True,0.0230,16
2.0,3.0,0.2,100,1,False,0.0160,1
2.0,3.0,0.2,100,2,False,0.0113,1
2.0,3.0,0.2,100,3,False,0.0157,1
2.0,3.0,0.2,100,4,False,0.0173,1
2.0,3.0,0.2,100,5,False,0.0133,1
2.0,3.0,0.2,100,6,False,0.0114,1
2.0,3.0,0.2,100,7,False,0.0112,1
2.0,3.0,0.2,100,8,False,0.0177,1
2.0,3.0,0.2,100,9,False,0.0082,1
2.0,3.0,0.2,100,10,False,0.0154,1
2.0,3.0,0.2,300,1,False,0.0407,1
2.0,3.0,0.2,300,2,False,0.0385,1
2.0,3.0,0.2,300,3,False,0.0283,1
2.0,3.0,0.2,300,4,False,0.0377,1
2.0,3.0,0.2,300,5,False,0.0325,1
2.0,3.0,0.2,300,6,False,0.0423,1
2.0,3.0,0.2,300,7,False,0.0352,1
2.0,3.0,0.2,300,8,False,0.0325,1
2.0,3.0,0.2,300,9,False,0.0268,1
2.0,3.0,0.2,300,10,False,0.0371,1
2.0,3.0,0.2,600,1,False,0.1007,1
2.0,3.0,0.2,600,2,True,0.0743,28
2.0,3.0,0.2,600,3,False,0.0797,1
2.0,3.0,0.2,600,4,False,0.0935,1
2.0,3.0,0.2,600,5,True,0.0413,29
2.0,3.0,0.2,600,6,False,0.0860,1
2.0,3.0,0.2,600,7,False,0.0959,1
2.0,3.0,0.2,600,8,False,0.0712,1
2.0,3.0,0.2,600,9,False,0.1066,1
2.0,3.0,0.2,600,10,False,0.0828,1
2.0,3.0,0.2,900,1,True,0.0349,25
2.0,3.0,0.2,900,2,False,0.1665,1
2.0,3.0,0.2,900,3,True,0.0686,24
2.0,3.0,0.2,900,4,True,0.0397,25
2.0,3.0,0.2,900,5,True,0.0452,26
2.0,3.0,0.2,900,6,False,0.1561,1
2.0,3.0,0.2,900,7,False,0.1805,1
2.0,3.0,0.2,900,8,True,0.0760,24
2.0,3.0,0.2,900,9,True,0.0708,25
2.0,3.0,0.2,900,10,True,0.1279,24
2.0,3.0,0.5,100,1,True,0.0277,12
2.0,3.0,0.5,100,2,False,0.0187,1
2.0,3.0,0.5,100,3,False,0.0113,1
2.0,3.0,0.5,100,4,False,0.0159,1
2.0,3.0,0.5,100,5,False,0.0171,1
2.0,3.0,0.5,100,6,False,0.0291,1
2.0,3.0,0.5,100,7,False,0.0174,1
2.0,3.0,0.5,100,8,True,0.0167,13
2.0,3.0,0.5,100,9,False,0.0108,1
2.0,3.0,0.5,100,10,True,0.0160,11
2.0,3.0,0.5,300,1,True,0.0068,11
2.0,3.0,0.5,300,2,True,0.0243,10
2.0,3.0,0.5,300,3,True,0.0357,11
2.0,3.0,0.5,300,4,False,0.0401,1
2.0,3.0,0.5,300,5,True,0.0266,11
2.0,3.0,0.5,300,6,True,0.0109,11
2.0,3.0,0.5,300,7,False,0.0436,1
2.0,3.0,0.5,300,8,True,0.0486,13
2.0,3.0,0.5,300,9,False,0.0517,1
2.0,3.0,0.5,300,10,False,0.0429,1
2.0,3.0,0.5,600,1,True,0.0767,11
2.0,3.0,0.5,600,2,True,0.0106,11
2.0,3.0,0.5,600,3,True,0.0219,12
2.0,3.0,0.5,600,4,True,0.0097,10
2.0,3.0,0.5,600,5,True,0.0078,10
2.0,3.0,0.5,600,6,True,0.0200,12
2.0,3.0,0.5,600,7,True,0.0116,10
2.0,3.0,0.5,600,8,True,0.0649,12
2.0,3.0,0.5,600,9,True,0.0214,10
2.0,3.0,0.5,600,10,True,0.0085,9
2.0,3.0,0.5,900,1,True,0.0548,12
2.0,3.0,0.5,900,2,True,0.0182,11
2.0,3.0,0.5,900,3,True,0.0212,10
2.0,3.0,0.5,900,4,True,0.0130,12
2.0,3.0,0.5,900,5,True,0.0384,12
2.0,3.0,0.5,900,6,True,0.0701,13
2.0,3.0,0.5,900,7,True,0.0347,12
2.0,3.0,0.5,900,8,True,0.0239,12
2.0,3.0,0.5,900,9,True,0.1520,11
2.0,3.0,0.5,900,10,True,0.0209,12
2.0,3.0,0.8,100,1,True,0.0099,7
2.0,3.0,0.8,100,2,False,0.0112,1
2.0,3.0,0.8,100,3,False,0.0201,1
2.0,3.0,0.8,100,4,True,0.0173,11
2.0,3.0,0.8,100,5,True,0.0192,7
2.0,3.0,0.8,100,6,True,0.0053,8
2.0,3.0,0.8,100,7,True,0.0068,7
2.0,3.0,0.8,100,8,True,0.0158,7
2.0,3.0,0.8,100,9,False,0.0124,1
2.0,3.0,0.8,100,10,True,0.0124,11
2.0,3.0,0.8,300,1,True,0.0135,7
2.0,3.0,0.8,300,2,True,0.0179,9
2.0,3.0,0.8,300,3,False,0.0459,1
2.0,3.0,0.8,300,4,True,0.0207,8
2.0,3.0,0.8,300,5,True,0.0110,10
2.0,3.0,0.8,300,6,True,0.0098,7
2.0,3.0,0.8,300,7,True,0.0067,8
2.0,3.0,0.8,300,8,True,0.0037,6
2.0,3.0,0.8,300,9,True,0.0131,8
2.0,3.0,0.8,300,10,True,0.0272,9
2.0,3.0,0.8,600,1,True,0.0131,9
2.0,3.0,0.8,600,2,True,0.0064,6
2.0,3.0,0.8,600,3,True,0.0100,11
2.0,3.0,0.8,600,4,True,0.0104,7
2.0,3.0,0.8,600,5,True,0.0278,9
2.0,3.0,0.8,600,6,True,0.0102,8
2.0,3.0,0.8,600,7,True,0.0405,10
2.0,3.0,0.8,600,8,True,0.0551,13
2.0,3.0,0.8,600,9,True,0.0075,8
2.0,3.0,0.8,600,10,True,0.0144,12
2.0,3.0,0.8,900,1,True,0.0110,7
2.0,3.0,0.8,900,2,True,0.0093,8
2.0,3.0,0.8,900,3,True,0.0122,8
2.0,3.0,0.8,900,4,True,0.0450,6
2.0,3.0,0.8,900,5,True,0.0363,10
2.0,3.0,0.8,900,6,True,0.0065,7
2.0,3.0,0.8,900,7,True,0.0100,7
2.0,3.0,0.8,900,8,True,0.0102,8
2.0,3.0,0.8,900,9,True,0.0185,12
2.0,3.0,0.8,900,10,True,0.0098,7
2.0,3.0,1.0,100,1,True,0.0177,6
2.0,3.0,1.0,100,2,True,0.0096,6
2.0,3.0,1.0,100,3,True,0.0040,6
2.0,3.0,1.0,100,4,True,0.0302,7
2.0,3.0,1.0,100,5,False,0.0215,1
2.0,3.0,1.0,100,6,True,0.0160,6
2.0,3.0,1.0,100,7,True,0.0071,7
2.0,3.0,1.0,100,8,True,0.0119,6
2.0,3.0,1.0,100,9,True,0.0184,7
2.0,3.0,1.0,100,10,True,0.0116,8
2.0,3.0,1.0,300,1,True,0.0091,8
2.0,3.0,1.0,300,2,False,0.0396,1
2.0,3.0,1.0,300,3,True,0.0332,6
2.0,3.0,1.0,300,4,True,0.0152,6
2.0,3.0,1.0,300,5,True,0.0135,7
2.0,3.0,1.0,300,6,True,0.0074,6
2.0,3.0,1.0,300,7,True,0.0091,6
2.0,3.0,1.0,300,8,True,0.0085,5
2.0,3.0,1.0,300,9,True,0.0107,7
2.0,3.0,1.0,300,10,True,0.0309,7
2.0,3.0,1.0,600,1,True,0.0157,7
2.0,3.0,1.0,600,2,True,0.0186,10
2.0,3.0,1.0,600,3,True,0.0154,6
2.0,3.0,1.0,600,4,True,0.0197,6
2.0,3.0,1.0,600,5,True,0.0174,6
2.0,3.0,1.0,600,6,True,0.0065,5
2.0,3.0,1.0,600,7,True,0.0151,6
2.0,3.0,1.0,600,8,True,0.0132,7
2.0,3.0,1.0,600,9,True,0.0184,7
2.0,3.0,1.0,600,10,True,0.0513,13
2.0,3.0,1.0,900,1,True,0.0112,6
2.0,3.0,1.0,900,2,True,0.0113,8
2.0,3.0,1.0,900,3,True,0.0173,8
2.0,3.0,1.0,900,4,True,0.0072,6
2.0,3.0,1.0,900,5,True,0.0061,7
2.0,3.0,1.0,900,6,True,0.0071,5
2.0,3.0,1.0,900,7,True,0.0425,10
2.0,3.0,1.0,900,8,True,0.0072,9
2.0,3.0,1.0,900,9,True,0.0098,6
2.0,3.0,1.0,900,10,True,0.0201,7
1.0,5.0,0.2,100,1,False,0.0068,1
1.0,5.0,0.2,100,2,False,0.0157,1
1.0,5.0,0.2,100,3,False,0.0105,1
1.0,5.0,0.2,100,4,False,0.0129,1
1.0,5.0,0.2,100,5,False,0.0146,1
1.0,5.0,0.2,100,6,False,0.0155,1
1.0,5.0,0.2,100,7,False,0.0145,1
1.0,5.0,0.2,100,8,False,0.0111,1
1.0,5.0,0.2,100,9,False,0.0133,1
1.0,5.0,0.2,100,10,False,0.0201,1
1.0,5.0,0.2,300,1,False,0.0409,1
1.0,5.0,0.2,300,2,False,0.0339,1
1.0,5.0,0.2,300,3,False,0.0314,1
1.0,5.0,0.2,300,4,False,0.0423,1
1.0,5.0,0.2,300,5,False,0.0302,1
1.0,5.0,0.2,300,6,False,0.0380,1
1.0,5.0,0.2,300,7,False,0.0306,1
1.0,5.0,0.2,300,8,False,0.0373,1
1.0,5.0,0.2,300,9,False,0.0409,1
1.0,5.0,0.2,300,10,False,0.0412,1
1.0,5.0,0.2,600,1,False,0.0825,1
1.0,5.0,0.2,600,2,False,0.0977,1
1.0,5.0,0.2,600,3,False,0.0908,1
1.0,5.0,0.2,600,4,False,0.0738,1
1.0,5.0,0.2,600,5,False,0.0850,1
1.0,5.0,0.2,600,6,False,0.0809,1
1.0,5.0,0.2,600,7,False,0.0918,1
1.0,5.0,0.2,600,8,False,0.0891,1
1.0,5.0,0.2,600,9,False,0.0732,1
1.0,5.0,0.2,600,10,False,0.0753,1
1.0,5.0,0.2,900,1,False,0.1500,1
1.0,5.0,0.2,900,2,False,0.1467,1
1.0,5.0,0.2,900,3,False,0.1520,1
1.0,5.0,0.2,900,4,False,0.1397,1
1.0,5.0,0.2,900,5,False,0.1429,1
1.0,5.0,0.2,900,6,False,0.1085,1
1.0,5.0,0.2,900,7,False,0.1418,1
1.0,5.0,0.2,900,8,False,0.1380,1
1.0,5.0,0.2,900,9,False,0.1629,1
1.0,5.0,0.2,900,10,False,0.1527,1
1.0,5.0,0.5,100,1,False,0.0138,1
1.0,5.0,0.5,100,2,False,0.0145,1
1.0,5.0,0.5,100,3,False,0.0089,1
1.0,5.0,0.5,100,4,False,0.0107,1
1.0,5.0,0.5,100,5,False,0.0194,1
1.0,5.0,0.5,100,6,False,0.0165,1
1.0,5.0,0.5,100,7,False,0.0153,1
1.0,5.0,0.5,100,8,False,0.0245,1
1.0,5.0,0.5,100,9,False,0.0249,1
1.0,5.0,0.5,100,10,False,0.0133,1
1.0,5.0,0.5,300,1,False,0.0408,1
1.0,5.0,0.5,300,2,False,0.0427,1
1.0,5.0,0.5,300,3,False,0.0408,1
1.0,5.0,0.5,300,4,False,0.0395,1
1.0,5.0,0.5,300,5,True,0.0426,16
1.0,5.0,0.5,300,6,False,0.0409,1
1.0,5.0,0.5,300,7,False,0.0343,1
1.0,5.0,0.5,300,8,True,0.0254,16
1.0,5.0,0.5,300,9,False,0.0503,1
1.0,5.0,0.5,300,10,False,0.0329,1
1.0,5.0,0.5,600,1,True,0.0317,15
1.0,5.0,0.5,600,2,False,0.1019,1
1.0,5.0,0.5,600,3,True,0.0693,17
1.0,5.0,0.5,600,4,True,0.0621,15
1.0,5.0,0.5,600,5,True,0.0902,17
1.0,5.0,0.5,600,6,True,0.0893,17
1.0,5.0,0.5,600,7,True,0.0851,17
1.0,5.0,0.5,600,8,False,0.1003,1
1.0,5.0,0.5,600,9,True,0.1027,17
1.0,5.0,0.5,600,10,True,0.0785,16
1.0,5.0,0.5,900,1,True,0.1417,18
1.0,5.0,0.5,900,2,True,0.0432,14
1.0,5.0,0.5,900,3,True,0.0583,16
1.0,5.0,0.5,900,4,True,0.0750,20
1.0,5.0,0.5,900,5,False,0.1957,1
1.0,5.0,0.5,900,6,True,0.0311,15
1.0,5.0,0.5,900,7,True,0.0486,13
1.0,5.0,0.5,900,8,False,0.1826,1
1.0,5.0,0.5,900,9,False,0.2250,1
1.0,5.0,0.5,900,10,True,0.1249,16
1.0,5.0,0.8,100,1,False,0.0239,1
1.0,5.0,0.8,100,2,False,0.0122,1
1.0,5.0,0.8,100,3,False,0.0098,1
1.0,5.0,0.8,100,4,False,0.0091,1
1.0,5.0,0.8,100,5,False,0.0172,1
1.0,5.0,0.8,100,6,False,0.0125,1
1.0,5.0,0.8,100,7,False,0.0234,1
1.0,5.0,0.8,100,8,False,0.0161,1
1.0,5.0,0.8,100,9,False,0.0187,1
1.0,5.0,0.8,100,10,False,0.0138,1
1.0,5.0,0.8,300,1,True,0.0229,13
1.0,5.0,0.8,300,2,False,0.0464,1
1.0,5.0,0.8,300,3,True,0.0253,10
1.0,5.0,0.8,300,4,True,0.0205,10
1.0,5.0,0.8,300,5,False,0.0381,1
1.0,5.0,0.8,300,6,False,0.0534,1
1.0,5.0,0.8,300,7,True,0.0368,11
1.0,5.0,0.8,300,8,True,0.0235,9
1.0,5.0,0.8,300,9,True,0.0297,9
1.0,5.0,0.8,300,10,False,0.0574,1
1.0,5.0,0.8,600,1,True,0.0545,11
1.0,5.0,0.8,600,2,True,0.0281,12
1.0,5.0,0.8,600,3,True,0.0509,10
1.0,5.0,0.8,600,4,True,0.0372,14
1.0,5.0,0.8,600,5,True,0.0962,16
1.0,5.0,0.8,600,6,True,0.0247,11
1.0,5.0,0.8,600,7,True,0.0460,11
1.0,5.0,0.8,600,8,True,0.0875,11
1.0,5.0,0.8,600,9,True,0.0455,10
1.0,5.0,0.8,600,10,True,0.0273,11
1.0,5.0,0.8,900,1,True,0.0900,10
1.0,5.0,0.8,900,2,True,0.0310,13
1.0,5.0,0.8,900,3,True,0.1164,11
1.0,5.0,0.8,900,4,True,0.0209,11
1.0,5.0,0.8,900,5,True,0.1234,14
1.0,5.0,0.8,900,6,True,0.0231,10
1.0,5.0,0.8,900,7,True,0.0184,9
1.0,5.0,0.8,900,8,True,0.0523,11
1.0,5.0,0.8,900,9,True,0.0198,10
1.0,5.0,0.8,900,10,True,0.0455,10
1.0,5.0,1.0,100,1,True,0.0202,7
1.0,5.0,1.0,100,2,False,0.0130,1
1.0,5.0,1.0,100,3,True,0.0180,8
1.0,5.0,1.0,100,4,False,0.0144,1
1.0,5.0,1.0,100,5,False,0.0194,1
1.0,5.0,1.0,100,6,True,0.0136,8
1.0,5.0,1.0,100,7,True,0.0078,9
1.0,5.0,1.0,100,8,False,0.0279,1
1.0,5.0,1.0,100,9,True,0.0177,8
1.0,5.0,1.0,100,10,True,0.0279,8
1.0,5.0,1.0,300,1,True,0.0184,9
1.0,5.0,1.0,300,2,True,0.0392,9
1.0,5.0,1.0,300,3,True,0.0507,16
1.0,5.0,1.0,300,4,True,0.0243,9
1.0,5.0,1.0,300,5,True,0.0254,10
1.0,5.0,1.0,300,6,True,0.0191,9
1.0,5.0,1.0,300,7,True,0.0272,8
1.0,5.0,1.0,300,8,True,0.0189,10
1.0,5.0,1.0,300,9,True,0.0335,13
1.0,5.0,1.0,300,10,True,0.0361,7
1.0,5.0,1.0,600,1,True,0.0265,8
1.0,5.0,1.0,600,2,True,0.0154,7
1.0,5.0,1.0,600,3,True,0.0174,10
1.0,5.0,1.0,600,4,True,0.0311,9
1.0,5.0,1.0,600,5,True,0.0211,8
1.0,5.0,1.0,600,6,True,0.0385,11
1.0,5.0,1.0,600,7,True,0.0173,7
1.0,5.0,1.0,600,8,True,0.0115,10
1.0,5.0,1.0,600,9,True,0.0223,9
1.0,5.0,1.0,600,10,True,0.0295,7
1.0,5.0,1.0,900,1,True,0.0238,8
1.0,5.0,1.0,900,2,True,0.0693,10
1.0,5.0,1.0,900,3,True,0.0402,9
1.0,5.0,1.0,900,4,True,0.0236,9
1.0,5.0,1.0,900,5,True,0.0119,7
1.0,5.0,1.0,900,6,True,0.0330,10
1.0,5.0,1.0,900,7,True,0.0247,11
1.0,5.0,1.0,900,8,True,0.0264,7
1.0,5.0,1.0,900,9,True,0.0221,8
1.0,5.0,1.0,900,10,True,0.0280,9
-4.0,-4.0,0.2,100,1,False,0.0104,1
-4.0,-4.0,0.2,100,2,False,0.0131,1
-4.0,-4.0,0.2,100,3,False,0.0100,1
-4.0,-4.0,0.2,100,4,False,0.0092,1
-4.0,-4.0,0.2,100,5,False,0.0156,1
-4.0,-4.0,0.2,100,6,False,0.0103,1
-4.0,-4.0,0.2,100,7,False,0.0153,1
-4.0,-4.0,0.2,100,8,False,0.0099,1
-4.0,-4.0,0.2,100,9,False,0.0147,1
-4.0,-4.0,0.2,100,10,False,0.0197,1
-4.0,-4.0,0.2,300,1,False,0.0362,1
-4.0,-4.0,0.2,300,2,False,0.0401,1
-4.0,-4.0,0.2,300,3,False,0.0382,1
-4.0,-4.0,0.2,300,4,False,0.0465,1
-4.0,-4.0,0.2,300,5,False,0.0444,1
-4.0,-4.0,0.2,300,6,False,0.0362,1
-4.0,-4.0,0.2,300,7,False,0.0283,1
-4.0,-4.0,0.2,300,8,False,0.0383,1
-4.0,-4.0,0.2,300,9,False,0.0289,1
-4.0,-4.0,0.2,300,10,False,0.0303,1
-4.0,-4.0,0.2,600,1,False,0.0997,1
-4.0,-4.0,0.2,600,2,False,0.0743,1
-4.0,-4.0,0.2,600,3,False,0.0806,1
-4.0,-4.0,0.2,600,4,False,0.0838,1
-4.0,-4.0,0.2,600,5,False,0.0768,1
-4.0,-4.0,0.2,600,6,False,0.0951,1
-4.0,-4.0,0.2,600,7,False,0.0807,1
-4.0,-4.0,0.2,600,8,False,0.0809,1
-4.0,-4.0,0.2,600,9,False,0.0795,1
-4.0,-4.0,0.2,600,10,False,0.0763,1
-4.0,-4.0,0.2,900,1,False,0.1469,1
-4.0,-4.0,0.2,900,2,False,0.1267,1
-4.0,-4.0,0.2,900,3,False,0.1408,1
-4.0,-4.0,0.2,900,4,False,0.1504,1
-4.0,-4.0,0.2,900,5,False,0.1566,1
-4.0,-4.0,0.2,900,6,False,0.1435,1
-4.0,-4.0,0.2,900,7,False,0.1549,1
-4.0,-4.0,0.2,900,8,False,0.1636,1
-4.0,-4.0,0.2,900,9,False,0.1491,1
-4.0,-4.0,0.2,900,10,False,0.1368,1
-4.0,-4.0,0.5,100,1,False,0.0131,1
-4.0,-4.0,0.5,100,2,False,0.0200,1
-4.0,-4.0,0.5,100,3,False,0.0133,1
-4.0,-4.0,0.5,100,4,False,0.0138,1
-4.0,-4.0,0.5,100,5,False,0.0160,1
-4.0,-4.0,0.5,100,6,False,0.0110,1
-4.0,-4.0,0.5,100,7,False,0.0233,1
-4.0,-4.0,0.5,100,8,False,0.0191,1
-4.0,-4.0,0.5,100,9,False,0.0193,1
-4.0,-4.0,0.5,100,10,False,0.0150,1
-4.0,-4.0,0.5,300,1,True,0.0403,16
-4.0,-4.0,0.5,300,2,True,0.0338,18
-4.0,-4.0,0.5,300,3,True,0.0391,15
-4.0,-4.0,0.5,300,4,True,0.0176,17
-4.0,-4.0,0.5,300,5,False,0.0349,1
-4.0,-4.0,0.5,300,6,True,0.0181,20
-4.0,-4.0,0.5,300,7,True,0.0171,17
-4.0,-4.0,0.5,300,8,False,0.0435,1
-4.0,-4.0,0.5,300,9,False,0.0443,1
-4.0,-4.0,0.5,300,10,True,0.0137,16
-4.0,-4.0,0.5,600,1,True,0.0358,17
-4.0,-4.0,0.5,600,2,True,0.0605,18
-4.0,-4.0,0.5,600,3,True,0.0295,18
-4.0,-4.0,0.5,600,4,True,0.0395,15
-4.0,-4.0,0.5,600,5,False,0.1009,1
-4.0,-4.0,0.5,600,6,True,0.0147,16
-4.0,-4.0,0.5,600,7,True,0.0518,16
-4.0,-4.0,0.5,600,8,False,0.1161,1
-4.0,-4.0,0.5,600,9,True,0.0375,15
-4.0,-4.0,0.5,600,10,True,0.0677,22
-4.0,-4.0,0.5,900,1,True,0.0571,16
-4.0,-4.0,0.5,900,2,True,0.0324,16
-4.0,-4.0,0.5,900,3,True,0.0701,19
-4.0,-4.0,0.5,900,4,True,0.0170,16
-4.0,-4.0,0.5,900,5,True,0.0223,17
-4.0,-4.0,0.5,900,6,True,0.0288,15
-4.0,-4.0,0.5,900,7,True,0.0469,17
-4.0,-4.0,0.5,900,8,True,0.0297,19
-4.0,-4.0,0.5,900,9,True,0.0314,16
-4.0,-4.0,0.5,900,10,True,0.1498,24
-4.0,-4.0,0.8,100,1,False,0.0123,1
-4.0,-4.0,0.8,100,2,False,0.0134,1
-4.0,-4.0,0.8,100,3,False,0.0112,1
-4.0,-4.0,0.8,100,4,False,0.0202,1
-4.0,-4.0,0.8,100,5,True,0.0167,12
-4.0,-4.0,0.8,100,6,False,0.0110,1
-4.0,-4.0,0.8,100,7,False,0.0241,1
-4.0,-4.0,0.8,100,8,False,0.0232,1
-4.0,-4.0,0.8,100,9,False,0.0230,1
-4.0,-4.0,0.8,100,10,True,0.0215,9
-4.0,-4.0,0.8,300,1,True,0.0154,11
-4.0,-4.0,0.8,300,2,True,0.0302,13
-4.0,-4.0,0.8,300,3,False,0.0524,1
-4.0,-4.0,0.8,300,4,True,0.0283,14
-4.0,-4.0,0.8,300,5,True,0.0332,11
-4.0,-4.0,0.8,300,6,False,0.0511,1
-4.0,-4.0,0.8,300,7,True,0.0206,9
-4.0,-4.0,0.8,300,8,True,0.0253,11
-4.0,-4.0,0.8,300,9,True,0.0187,11
-4.0,-4.0,0.8,300,10,True,0.0189,12
-4.0,-4.0,0.8,600,1,True,0.0323,16
-4.0,-4.0,0.8,600,2,True,0.0476,11
-4.0,-4.0,0.8,600,3,True,0.0429,13
-4.0,-4.0,0.8,600,4,True,0.0320,14
-4.0,-4.0,0.8,600,5,True,0.0133,12
-4.0,-4.0,0.8,600,6,True,0.0142,11
-4.0,-4.0,0.8,600,7,True,0.0154,13
-4.0,-4.0,0.8,600,8,True,0.0404,15
-4.0,-4.0,0.8,600,9,True,0.0094,10
-4.0,-4.0,0.8,600,10,True,0.0581,10
-4.0,-4.0,0.8,900,1,True,0.0185,10
-4.0,-4.0,0.8,900,2,True,0.0134,12
-4.0,-4.0,0.8,900,3,True,0.0148,12
-4.0,-4.0,0.8,900,4,True,0.0487,11
-4.0,-4.0,0.8,900,5,True,0.0720,11
-4.0,-4.0,0.8,900,6,True,0.0355,9
-4.0,-4.0,0.8,900,7,True,0.0114,10
-4.0,-4.0,0.8,900,8,True,0.0181,10
-4.0,-4.0,0.8,900,9,True,0.0158,11
-4.0,-4.0,0.8,900,10,True,0.0199,11
-4.0,-4.0,1.0,100,1,False,0.0214,1
-4.0,-4.0,1.0,100,2,False,0.0176,1
-4.0,-4.0,1.0,100,3,False,0.0106,1
-4.0,-4.0,1.0,100,4,True,0.0167,9
-4.0,-4.0,1.0,100,5,False,0.0199,1
-4.0,-4.0,1.0,100,6,True,0.0127,8
-4.0,-4.0,1.0,100,7,True,0.0192,11
-4.0,-4.0,1.0,100,8,True,0.0066,9
-4.0,-4.0,1.0,100,9,False,0.3213,1
-4.0,-4.0,1.0,100,10,True,0.0562,9
-4.0,-4.0,1.0,300,1,True,0.0133,9
-4.0,-4.0,1.0,300,2,True,0.0351,10
-4.0,-4.0,1.0,300,3,True,0.0131,8
-4.0,-4.0,1.0,300,4,True,0.0266,11
-4.0,-4.0,1.0,300,5,True,0.0283,10
-4.0,-4.0,1.0,300,6,True,0.0133,10
-4.0,-4.0,1.0,300,7,True,0.0409,9
-4.0,-4.0,1.0,300,8,False,0.0382,1
-4.0,-4.0,1.0,300,9,True,0.0162,9
-4.0,-4.0,1.0,300,10,True,0.0133,8
-4.0,-4.0,1.0,600,1,True,0.0150,10
-4.0,-4.0,1.0,600,2,True,0.0112,9
-4.0,-4.0,1.0,600,3,True,0.0416,10
-4.0,-4.0,1.0,600,4,True,0.0371,8
-4.0,-4.0,1.0,600,5,True,0.0753,10
-4.0,-4.0,1.0,600,6,True,0.0180,11
-4.0,-4.0,1.0,600,7,True,0.0164,9
-4.0,-4.0,1.0,600,8,True,0.0289,10
-4.0,-4.0,1.0,600,9,True,0.0397,12
-4.0,-4.0,1.0,600,10,True,0.0340,9
-4.0,-4.0,1.0,900,1,True,0.0129,8
-4.0,-4.0,1.0,900,2,True,0.0479,12
-4.0,-4.0,1.0,900,3,True,0.0127,8
-4.0,-4.0,1.0,900,4,True,0.0381,9
-4.0,-4.0,1.0,900,5,True,0.0146,9
-4.0,-4.0,1.0,900,6,True,0.0560,9
-4.0,-4.0,1.0,900,7,True,0.3123,11
-4.0,-4.0,1.0,900,8,True,0.0874,11
-4.0,-4.0,1.0,900,9,True,0.0353,8
-4.0,-4.0,1.0,900,10,True,0.0467,9
-8.0,-3.0,0.2,100,1,False,0.0166,1
-8.0,-3.0,0.2,100,2,False,0.0124,1
-8.0,-3.0,0.2,100,3,False,0.0089,1
-8.0,-3.0,0.2,100,4,False,0.0214,1
-8.0,-3.0,0.2,100,5,False,0.0236,1
-8.0,-3.0,0.2,100,6,False,0.0195,1
-8.0,-3.0,0.2,100,7,False,0.0229,1
-8.0,-3.0,0.2,100,8,False,0.0178,1
-8.0,-3.0,0.2,100,9,False,0.0152,1
-8.0,-3.0,0.2,100,10,False,0.0278,1
-8.0,-3.0,0.2,300,1,False,0.0422,1
-8.0,-3.0,0.2,300,2,False,0.0422,1
-8.0,-3.0,0.2,300,3,False,0.0412,1
-8.0,-3.0,0.2,300,4,False,0.0511,1
-8.0,-3.0,0.2,300,5,False,0.0577,1
-8.0,-3.0,0.2,300,6,False,0.0714,1
-8.0,-3.0,0.2,300,7,False,0.0404,1
-8.0,-3.0,0.2,300,8,False,0.0516,1
-8.0,-3.0,0.2,300,9,False,0.0526,1
-8.0,-3.0,0.2,300,10,False,0.0501,1
-8.0,-3.0,0.2,600,1,False,0.0788,1
-8.0,-3.0,0.2,600,2,False,0.0938,1
-8.0,-3.0,0.2,600,3,False,0.1050,1
-8.0,-3.0,0.2,600,4,False,0.1028,1
-8.0,-3.0,0.2,600,5,False,0.1227,1
-8.0,-3.0,0.2,600,6,False,0.1108,1
-8.0,-3.0,0.2,600,7,False,0.1025,1
-8.0,-3.0,0.2,600,8,False,0.0958,1
-8.0,-3.0,0.2,600,9,False,0.0907,1
-8.0,-3.0,0.2,600,10,False,0.0784,1
-8.0,-3.0,0.2,900,1,False,0.1495,1
-8.0,-3.0,0.2,900,2,False,0.1820,1
-8.0,-3.0,0.2,900,3,False,0.2111,1
-8.0,-3.0,0.2,900,4,False,0.1812,1
-8.0,-3.0,0.2,900,5,False,0.1684,1
-8.0,-3.0,0.2,900,6,False,0.1746,1
-8.0,-3.0,0.2,900,7,False,0.1566,1
-8.0,-3.0,0.2,900,8,False,0.1557,1
-8.0,-3.0,0.2,900,9,False,0.1634,1
-8.0,-3.0,0.2,900,10,False,0.1436,1
-8.0,-3.0,0.5,100,1,False,0.0116,1
-8.0,-3.0,0.5,100,2,False,0.0123,1
-8.0,-3.0,0.5,100,3,False,0.0207,1
-8.0,-3.0,0.5,100,4,False,0.0209,1
-8.0,-3.0,0.5,100,5,False,0.0263,1
-8.0,-3.0,0.5,100,6,False,0.0120,1
-8.0,-3.0,0.5,100,7,False,0.0152,1
-8.0,-3.0,0.5,100,8,False,0.0175,1
-8.0,-3.0,0.5,100,9,False,0.0156,1
-8.0,-3.0,0.5,100,10,False,0.0177,1
-8.0,-3.0,0.5,300,1,True,0.0267,22
-8.0,-3.0,0.5,300,2,False,0.0322,1
-8.0,-3.0,0.5,300,3,True,0.0258,25
-8.0,-3.0,0.5,300,4,False,0.0329,1
-8.0,-3.0,0.5,300,5,False,0.0488,1
-8.0,-3.0,0.5,300,6,False,0.0410,1
-8.0,-3.0,0.5,300,7,False,0.0439,1
-8.0,-3.0,0.5,300,8,False,0.0524,1
-8.0,-3.0,0.5,300,9,True,0.0389,23
-8.0,-3.0,0.5,300,10,False,0.0360,1
-8.0,-3.0,0.5,600,1,True,0.0644,25
-8.0,-3.0,0.5,600,2,True,0.0264,22
-8.0,-3.0,0.5,600,3,False,0.1007,1
-8.0,-3.0,0.5,600,4,True,0.0274,22
-8.0,-3.0,0.5,600,5,False,0.0811,1
-8.0,-3.0,0.5,600,6,False,0.1212,1
-8.0,-3.0,0.5,600,7,False,0.1076,1
-8.0,-3.0,0.5,600,8,False,0.1242,1
-8.0,-3.0,0.5,600,9,True,0.0949,28
-8.0,-3.0,0.5,600,10,True,0.0628,23
-8.0,-3.0,0.5,900,1,False,0.2188,1
-8.0,-3.0,0.5,900,2,True,0.0638,24
-8.0,-3.0,0.5,900,3,False,0.1766,1
-8.0,-3.0,0.5,900,4,True,0.0356,25
-8.0,-3.0,0.5,900,5,True,0.1001,22
-8.0,-3.0,0.5,900,6,True,0.1616,27
-8.0,-3.0,0.5,900,7,True,0.0311,22
-8.0,-3.0,0.5,900,8,False,0.1491,1
-8.0,-3.0,0.5,900,9,True,0.1656,23
-8.0,-3.0,0.5,900,10,True,0.0411,22
-8.0,-3.0,0.8,100,1,False,0.0130,1
-8.0,-3.0,0.8,100,2,False,0.0273,1
-8.0,-3.0,0.8,100,3,False,0.0136,1
-8.0,-3.0,0.8,100,4,False,0.0266,1
-8.0,-3.0,0.8,100,5,False,0.0206,1
-8.0,-3.0,0.8,100,6,True,0.0296,14
-8.0,-3.0,0.8,100,7,False,0.0344,1
-8.0,-3.0,0.8,100,8,False,0.0228,1
-8.0,-3.0,0.8,100,9,False,0.0242,1
-8.0,-3.0,0.8,100,10,False,0.0275,1
-8.0,-3.0,0.8,300,1,True,0.0338,14
-8.0,-3.0,0.8,300,2,True,0.0480,14
-8.0,-3.0,0.8,300,3,False,0.0400,1
-8.0,-3.0,0.8,300,4,True,0.0758,16
-8.0,-3.0,0.8,300,5,True,0.0306,14
-8.0,-3.0,0.8,300,6,False,0.0457,1
-8.0,-3.0,0.8,300,7,False,0.0519,1
-8.0,-3.0,0.8,300,8,True,0.0310,17
-8.0,-3.0,0.8,300,9,False,0.0509,1
-8.0,-3.0,0.8,300,10,True,0.0492,15
-8.0,-3.0,0.8,600,1,True,0.0949,20
-8.0,-3.0,0.8,600,2,True,0.0491,16
-8.0,-3.0,0.8,600,3,True,0.0182,13
-8.0,-3.0,0.8,600,4,True,0.0844,18
-8.0,-3.0,0.8,600,5,True,0.0428,14
-8.0,-3.0,0.8,600,6,True,0.0693,17
-8.0,-3.0,0.8,600,7,True,0.0451,15
-8.0,-3.0,0.8,600,8,True,0.0785,14
-8.0,-3.0,0.8,600,9,True,0.0509,17
-8.0,-3.0,0.8,600,10,True,0.0591,18
-8.0,-3.0,0.8,900,1,True,0.1814,17
-8.0,-3.0,0.8,900,2,True,0.0282,14
-8.0,-3.0,0.8,900,3,True,0.0652,14
-8.0,-3.0,0.8,900,4,True,0.0521,19
-8.0,-3.0,0.8,900,5,True,0.0752,20
-8.0,-3.0,0.8,900,6,True,0.0480,17
-8.0,-3.0,0.8,900,7,True,0.1036,20
-8.0,-3.0,0.8,900,8,True,0.0575,16
-8.0,-3.0,0.8,900,9,True,0.0780,15
-8.0,-3.0,0.8,900,10,True,0.1479,21
-8.0,-3.0,1.0,100,1,False,0.0141,1
-8.0,-3.0,1.0,100,2,False,0.0169,1
-8.0,-3.0,1.0,100,3,False,0.0221,1
-8.0,-3.0,1.0,100,4,False,0.0190,1
-8.0,-3.0,1.0,100,5,False,0.0185,1
-8.0,-3.0,1.0,100,6,False,0.0132,1
-8.0,-3.0,1.0,100,7,False,0.0174,1
-8.0,-3.0,1.0,100,8,False,0.0152,1
-8.0,-3.0,1.0,100,9,True,0.0252,14
-8.0,-3.0,1.0,100,10,False,0.0189,1
-8.0,-3.0,1.0,300,1,True,0.0462,15
-8.0,-3.0,1.0,300,2,True,0.0316,12
-8.0,-3.0,1.0,300,3,True,0.0399,12
-8.0,-3.0,1.0,300,4,False,0.0597,1
-8.0,-3.0,1.0,300,5,True,0.0290,13
-8.0,-3.0,1.0,300,6,False,0.0450,1
-8.0,-3.0,1.0,300,7,True,0.0141,12
-8.0,-3.0,1.0,300,8,True,0.0363,12
-8.0,-3.0,1.0,300,9,False,0.0447,1
-8.0,-3.0,1.0,300,10,True,0.0201,11
-8.0,-3.0,1.0,600,1,True,0.0208,12
-8.0,-3.0,1.0,600,2,True,0.0260,14
-8.0,-3.0,1.0,600,3,True,0.0521,13
-8.0,-3.0,1.0,600,4,True,0.0208,14
-8.0,-3.0,1.0,600,5,True,0.0265,12
-8.0,-3.0,1.0,600,6,False,0.1146,1
-8.0,-3.0,1.0,600,7,True,0.0219,12
-8.0,-3.0,1.0,600,8,True,0.0368,13
-8.0,-3.0,1.0,600,9,True,0.0325,14
-8.0,-3.0,1.0,600,10,True,0.0399,13
-8.0,-3.0,1.0,900,1,True,0.1131,19
-8.0,-3.0,1.0,900,2,True,0.0270,13
-8.0,-3.0,1.0,900,3,True,0.0877,14
-8.0,-3.0,1.0,900,4,True,0.0159,11
-8.0,-3.0,1.0,900,5,True,0.0272,12
-8.0,-3.0,1.0,900,6,True,0.0422,17
-8.0,-3.0,1.0,900,7,True,0.0202,12
-8.0,-3.0,1.0,900,8,True,0.0494,14
-8.0,-3.0,1.0,900,9,True,0.0356,14
-8.0,-3.0,1.0,900,10,True,0.0099,12
-8.0,1.0,0.2,100,1,False,0.0183,1
-8.0,1.0,0.2,100,2,False,0.0134,1
-8.0,1.0,0.2,100,3,False,0.0147,1
-8.0,1.0,0.2,100,4,False,0.0219,1
-8.0,1.0,0.2,100,5,False,0.0160,1
-8.0,1.0,0.2,100,6,False,0.0136,1
-8.0,1.0,0.2,100,7,False,0.0111,1
-8.0,1.0,0.2,100,8,False,0.0218,1
-8.0,1.0,0.2,100,9,False,0.0126,1
-8.0,1.0,0.2,100,10,False,0.0106,1
-8.0,1.0,0.2,300,1,False,0.0333,1
-8.0,1.0,0.2,300,2,False,0.0303,1
-8.0,1.0,0.2,300,3,False,0.0287,1
-8.0,1.0,0.2,300,4,False,0.0231,1
-8.0,1.0,0.2,300,5,False,0.0443,1
-8.0,1.0,0.2,300,6,False,0.0301,1
-8.0,1.0,0.2,300,7,False,0.0361,1
-8.0,1.0,0.2,300,8,False,0.0280,1
-8.0,1.0,0.2,300,9,False,0.0287,1
-8.0,1.0,0.2,300,10,False,0.0400,1
-8.0,1.0,0.2,600,1,False,0.1059,1
-8.0,1.0,0.2,600,2,False,0.0609,1
-8.0,1.0,0.2,600,3,False,0.0872,1
-8.0,1.0,0.2,600,4,False,0.0894,1
-8.0,1.0,0.2,600,5,False,0.0793,1
-8.0,1.0,0.2,600,6,False,0.0719,1
-8.0,1.0,0.2,600,7,False,0.0840,1
-8.0,1.0,0.2,600,8,False,0.0720,1
-8.0,1.0,0.2,600,9,False,0.0765,1
-8.0,1.0,0.2,600,10,False,0.0732,1
-8.0,1.0,0.2,900,1,False,0.1451,1
-8.0,1.0,0.2,900,2,False,0.1397,1
-8.0,1.0,0.2,900,3,False,0.1279,1
-8.0,1.0,0.2,900,4,False,0.1290,1
-8.0,1.0,0.2,900,5,False,0.1380,1
-8.0,1.0,0.2,900,6,False,0.1551,1
-8.0,1.0,0.2,900,7,False,0.1580,1
-8.0,1.0,0.2,900,8,False,0.1525,1
-8.0,1.0,0.2,900,9,False,0.1567,1
-8.0,1.0,0.2,900,10,False,0.1925,1
-8.0,1.0,0.5,100,1,False,0.0165,1
-8.0,1.0,0.5,100,2,False,0.0254,1
-8.0,1.0,0.5,100,3,False,0.0167,1
-8.0,1.0,0.5,100,4,False,0.0153,1
-8.0,1.0,0.5,100,5,False,0.0122,1
-8.0,1.0,0.5,100,6,False,0.0137,1
-8.0,1.0,0.5,100,7,False,0.0107,1
-8.0,1.0,0.5,100,8,False,0.0223,1
-8.0,1.0,0.5,100,9,False,0.0123,1
-8.0,1.0,0.5,100,10,False,0.0086,1
-8.0,1.0,0.5,300,1,True,0.0403,20
-8.0,1.0,0.5,300,2,False,0.0426,1
-8.0,1.0,0.5,300,3,False,0.0501,1
-8.0,1.0,0.5,300,4,True,0.0240,22
-8.0,1.0,0.5,300,5,True,0.0369,21
-8.0,1.0,0.5,300,6,False,0.0556,1
-8.0,1.0,0.5,300,7,False,0.0396,1
-8.0,1.0,0.5,300,8,True,0.0330,25
-8.0,1.0,0.5,300,9,False,0.0339,1
-8.0,1.0,0.5,300,10,True,0.0487,22
-8.0,1.0,0.5,600,1,False,0.1102,1
-8.0,1.0,0.5,600,2,False,0.0829,1
-8.0,1.0,0.5,600,3,True,0.0930,24
-8.0,1.0,0.5,600,4,False,0.0988,1
-8.0,1.0,0.5,600,5,True,0.0361,23
-8.0,1.0,0.5,600,6,True,0.0839,24
-8.0,1.0,0.5,600,7,True,0.0671,24
-8.0,1.0,0.5,600,8,True,0.0399,22
-8.0,1.0,0.5,600,9,False,0.1133,1
-8.0,1.0,0.5,600,10,True,0.0363,24
-8.0,1.0,0.5,900,1,True,0.0739,21
-8.0,1.0,0.5,900,2,True,0.0548,24
-8.0,1.0,0.5,900,3,True,0.0490,20
-8.0,1.0,0.5,900,4,True,0.0730,23
-8.0,1.0,0.5,900,5,True,0.1544,26
-8.0,1.0,0.5,900,6,False,0.1688,1
-8.0,1.0,0.5,900,7,True,0.0598,23
-8.0,1.0,0.5,900,8,True,0.0525,20
-8.0,1.0,0.5,900,9,False,0.1862,1
-8.0,1.0,0.5,900,10,True,0.0505,22
-8.0,1.0,0.8,100,1,False,0.0176,1
-8.0,1.0,0.8,100,2,False,0.0260,1
-8.0,1.0,0.8,100,3,False,0.0244,1
-8.0,1.0,0.8,100,4,True,0.0280,13
-8.0,1.0,0.8,100,5,False,0.0179,1
-8.0,1.0,0.8,100,6,False,0.0174,1
-8.0,1.0,0.8,100,7,True,0.0245,14
-8.0,1.0,0.8,100,8,False,0.0296,1
-8.0,1.0,0.8,100,9,False,0.0210,1
-8.0,1.0,0.8,100,10,False,0.0257,1
-8.0,1.0,0.8,300,1,True,0.0198,12
-8.0,1.0,0.8,300,2,True,0.0295,15
-8.0,1.0,0.8,300,3,True,0.0317,14
-8.0,1.0,0.8,300,4,True,0.0132,14
-8.0,1.0,0.8,300,5,False,0.0333,1
-8.0,1.0,0.8,300,6,False,0.0521,1
-8.0,1.0,0.8,300,7,True,0.0397,14
-8.0,1.0,0.8,300,8,True,0.0201,15
-8.0,1.0,0.8,300,9,False,0.0492,1
-8.0,1.0,0.8,300,10,True,0.0377,15
-8.0,1.0,0.8,600,1,True,0.0548,16
-8.0,1.0,0.8,600,2,True,0.0747,16
-8.0,1.0,0.8,600,3,True,0.0260,16
-8.0,1.0,0.8,600,4,True,0.0244,17
-8.0,1.0,0.8,600,5,True,0.0568,16
-8.0,1.0,0.8,600,6,True,0.0692,16
-8.0,1.0,0.8,600,7,True,0.0541,15
-8.0,1.0,0.8,600,8,True,0.0637,18
-8.0,1.0,0.8,600,9,True,0.0375,15
-8.0,1.0,0.8,600,10,True,0.0300,14
-8.0,1.0,0.8,900,1,True,0.0275,14
-8.0,1.0,0.8,900,2,True,0.0481,14
-8.0,1.0,0.8,900,3,True,0.0421,13
-8.0,1.0,0.8,900,4,True,0.0670,15
-8.0,1.0,0.8,900,5,True,0.0331,14
-8.0,1.0,0.8,900,6,True,0.0257,17
-8.0,1.0,0.8,900,7,True,0.0437,18
-8.0,1.0,0.8,900,8,True,0.0374,16
-8.0,1.0,0.8,900,9,True,0.0450,15
-8.0,1.0,0.8,900,10,True,0.0292,15
-8.0,1.0,1.0,100,1,False,0.0173,1
-8.0,1.0,1.0,100,2,False,0.0195,1
-8.0,1.0,1.0,100,3,True,0.0162,12
-8.0,1.0,1.0,100,4,False,0.0162,1
-8.0,1.0,1.0,100,5,False,0.0215,1
-8.0,1.0,1.0,100,6,False,0.0225,1
-8.0,1.0,1.0,100,7,False,0.0273,1
-8.0,1.0,1.0,100,8,False,0.0250,1
-8.0,1.0,1.0,100,9,False,0.0200,1
-8.0,1.0,1.0,100,10,False,0.0202,1
-8.0,1.0,1.0,300,1,True,0.0234,11
-8.0,1.0,1.0,300,2,False,0.0606,1
-8.0,1.0,1.0,300,3,True,0.0187,12
-8.0,1.0,1.0,300,4,True,0.0391,15
-8.0,1.0,1.0,300,5,True,0.0205,13
-8.0,1.0,1.0,300,6,True,0.0293,12
-8.0,1.0,1.0,300,7,False,0.0407,1
-8.0,1.0,1.0,300,8,True,0.0153,11
-8.0,1.0,1.0,300,9,True,0.0114,13
-8.0,1.0,1.0,300,10,True,0.0170,13
-8.0,1.0,1.0,600,1,True,0.0544,13
-8.0,1.0,1.0,600,2,True,0.0408,12
-8.0,1.0,1.0,600,3,True,0.0256,12
-8.0,1.0,1.0,600,4,True,0.0160,11
-8.0,1.0,1.0,600,5,True,0.0193,12
-8.0,1.0,1.0,600,6,True,0.0578,14
-8.0,1.0,1.0,600,7,True,0.0528,12
-8.0,1.0,1.0,600,8,True,0.0133,11
-8.0,1.0,1.0,600,9,True,0.0349,15
-8.0,1.0,1.0,600,10,True,0.0307,13
-8.0,1.0,1.0,900,1,True,0.0254,11
-8.0,1.0,1.0,900,2,True,0.0293,13
-8.0,1.0,1.0,900,3,True,0.0153,12
-8.0,1.0,1.0,900,4,True,0.0324,13
-8.0,1.0,1.0,900,5,True,0.0207,11
-8.0,1.0,1.0,900,6,True,0.0350,13
-8.0,1.0,1.0,900,7,True,0.0259,11
-8.0,1.0,1.0,900,8,True,0.0176,11
-8.0,1.0,1.0,900,9,True,0.0314,13
-8.0,1.0,1.0,900,10,True,0.0260,13
-3.5,2.5,0.2,100,1,False,0.0145,1
-3.5,2.5,0.2,100,2,False,0.0134,1
-3.5,2.5,0.2,100,3,False,0.0119,1
-3.5,2.5,0.2,100,4,False,0.0120,1
-3.5,2.5,0.2,100,5,False,0.0109,1
-3.5,2.5,0.2,100,6,False,0.0111,1
-3.5,2.5,0.2,100,7,False,0.0114,1
-3.5,2.5,0.2,100,8,False,0.0131,1
-3.5,2.5,0.2,100,9,False,0.0181,1
-3.5,2.5,0.2,100,10,False,0.0122,1
-3.5,2.5,0.2,300,1,False,0.0363,1
-3.5,2.5,0.2,300,2,False,0.0297,1
-3.5,2.5,0.2,300,3,False,0.0290,1
-3.5,2.5,0.2,300,4,False,0.0402,1
-3.5,2.5,0.2,300,5,False,0.0467,1
-3.5,2.5,0.2,300,6,False,0.0470,1
-3.5,2.5,0.2,300,7,False,0.0322,1
-3.5,2.5,0.2,300,8,False,0.0354,1
-3.5,2.5,0.2,300,9,False,0.0349,1
-3.5,2.5,0.2,300,10,False,0.0351,1
-3.5,2.5,0.2,600,1,False,0.0968,1
-3.5,2.5,0.2,600,2,False,0.0798,1
-3.5,2.5,0.2,600,3,False,0.0854,1
-3.5,2.5,0.2,600,4,False,0.0604,1
-3.5,2.5,0.2,600,5,False,0.0742,1
-3.5,2.5,0.2,600,6,False,0.0718,1
-3.5,2.5,0.2,600,7,False,0.0907,1
-3.5,2.5,0.2,600,8,False,0.0805,1
-3.5,2.5,0.2,600,9,False,0.0759,1
-3.5,2.5,0.2,600,10,False,0.0891,1
-3.5,2.5,0.2,900,1,False,0.1472,1
-3.5,2.5,0.2,900,2,False,0.1320,1
-3.5,2.5,0.2,900,3,False,0.1333,1
-3.5,2.5,0.2,900,4,False,0.1386,1
-3.5,2.5,0.2,900,5,False,0.1219,1
-3.5,2.5,0.2,900,6,False,0.1390,1
-3.5,2.5,0.2,900,7,False,0.1269,1
-3.5,2.5,0.2,900,8,False,0.1252,1
-3.5,2.5,0.2,900,9,False,0.1438,1
-3.5,2.5,0.2,900,10,False,0.1286,1
-3.5,2.5,0.5,100,1,False,0.0120,1
-3.5,2.5,0.5,100,2,False,0.0119,1
-3.5,2.5,0.5,100,3,False,0.0209,1
-3.5,2.5,0.5,100,4,False,0.0151,1
-3.5,2.5,0.5,100,5,False,0.0146,1
-3.5,2.5,0.5,100,6,False,0.0115,1
-3.5,2.5,0.5,100,7,False,0.0222,1
-3.5,2.5,0.5,100,8,False,0.0158,1
-3.5,2.5,0.5,100,9,False,0.0156,1
-3.5,2.5,0.5,100,10,False,0.0184,1
-3.5,2.5,0.5,300,1,False,0.0433,1
-3.5,2.5,0.5,300,2,False,0.0375,1
-3.5,2.5,0.5,300,3,True,0.0389,16
-3.5,2.5,0.5,300,4,False,0.0370,1
-3.5,2.5,0.5,300,5,False,0.0642,1
-3.5,2.5,0.5,300,6,False,0.0522,1
-3.5,2.5,0.5,300,7,False,0.0332,1
-3.5,2.5,0.5,300,8,False,0.0387,1
-3.5,2.5,0.5,300,9,False,0.0370,1
-3.5,2.5,0.5,300,10,False,0.0419,1
-3.5,2.5,0.5,600,1,True,0.0909,19
-3.5,2.5,0.5,600,2,True,0.0869,17
-3.5,2.5,0.5,600,3,True,0.0653,19
-3.5,2.5,0.5,600,4,True,0.0401,18
-3.5,2.5,0.5,600,5,True,0.0927,20
-3.5,2.5,0.5,600,6,False,0.0768,1
-3.5,2.5,0.5,600,7,True,0.0428,18
-3.5,2.5,0.5,600,8,False,0.0982,1
-3.5,2.5,0.5,600,9,False,0.1061,1
-3.5,2.5,0.5,600,10,True,0.0651,18
-3.5,2.5,0.5,900,1,True,0.0726,21
-3.5,2.5,0.5,900,2,True,0.0775,25
-3.5,2.5,0.5,900,3,True,0.0273,18
-3.5,2.5,0.5,900,4,True,0.1473,19
-3.5,2.5,0.5,900,5,True,0.0639,15
-3.5,2.5,0.5,900,6,True,0.1930,21
-3.5,2.5,0.5,900,7,True,0.0877,22
-3.5,2.5,0.5,900,8,True,0.0562,16
-3.5,2.5,0.5,900,9,True,0.1044,19
-3.5,2.5,0.5,900,10,True,0.1419,17
-3.5,2.5,0.8,100,1,False,0.0242,1
-3.5,2.5,0.8,100,2,False,0.0129,1
-3.5,2.5,0.8,100,3,False,0.0121,1
-3.5,2.5,0.8,100,4,False,0.0139,1
-3.5,2.5,0.8,100,5,False,0.0169,1
-3.5,2.5,0.8,100,6,False,0.0126,1
-3.5,2.5,0.8,100,7,True,0.0078,11
-3.5,2.5,0.8,100,8,False,0.0209,1
-3.5,2.5,0.8,100,9,False,0.0087,1
-3.5,2.5,0.8,100,10,True,0.0231,11
-3.5,2.5,0.8,300,1,True,0.0441,13
-3.5,2.5,0.8,300,2,False,0.0327,1
-3.5,2.5,0.8,300,3,True,0.0317,13
-3.5,2.5,0.8,300,4,False,0.0505,1
-3.5,2.5,0.8,300,5,True,0.0294,14
-3.5,2.5,0.8,300,6,False,0.0479,1
-3.5,2.5,0.8,300,7,False,0.0452,1
-3.5,2.5,0.8,300,8,True,0.0372,10
-3.5,2.5,0.8,300,9,True,0.0283,9
-3.5,2.5,0.8,300,10,True,0.0233,11
-3.5,2.5,0.8,600,1,True,0.0284,13
-3.5,2.5,0.8,600,2,True,0.0309,11
-3.5,2.5,0.8,600,3,True,0.0430,11
-3.5,2.5,0.8,600,4,True,0.0310,12
-3.5,2.5,0.8,600,5,True,0.0188,14
-3.5,2.5,0.8,600,6,True,0.0551,14
-3.5,2.5,0.8,600,7,True,0.0352,13
-3.5,2.5,0.8,600,8,True,0.0563,11
-3.5,2.5,0.8,600,9,True,0.0095,9
-3.5,2.5,0.8,600,10,True,0.0351,11
-3.5,2.5,0.8,900,1,True,0.0154,12
-3.5,2.5,0.8,900,2,True,0.0188,12
-3.5,2.5,0.8,900,3,True,0.0332,10
-3.5,2.5,0.8,900,4,True,0.0227,9
-3.5,2.5,0.8,900,5,True,0.0353,10
-3.5,2.5,0.8,900,6,True,0.0565,12
-3.5,2.5,0.8,900,7,True,0.0632,10
-3.5,2.5,0.8,900,8,True,0.0224,14
-3.5,2.5,0.8,900,9,True,0.0566,13
-3.5,2.5,0.8,900,10,True,0.0546,14
-3.5,2.5,1.0,100,1,False,0.0192,1
-3.5,2.5,1.0,100,2,True,0.0214,10
-3.5,2.5,1.0,100,3,False,0.0199,1
-3.5,2.5,1.0,100,4,False,0.0199,1
-3.5,2.5,1.0,100,5,False,0.0253,1
-3.5,2.5,1.0,100,6,False,0.0204,1
-3.5,2.5,1.0,100,7,False,0.0145,1
-3.5,2.5,1.0,100,8,False,0.0148,1
-3.5,2.5,1.0,100,9,False,0.0183,1
-3.5,2.5,1.0,100,10,True,0.0072,9
-3.5,2.5,1.0,300,1,True,0.0310,9
-3.5,2.5,1.0,300,2,True,0.0151,10
-3.5,2.5,1.0,300,3,True,0.0358,9
-3.5,2.5,1.0,300,4,True,0.0326,13
-3.5,2.5,1.0,300,5,True,0.0124,8
-3.5,2.5,1.0,300,6,True,0.0309,11
-3.5,2.5,1.0,300,7,True,0.0163,7
-3.5,2.5,1.0,300,8,False,0.0514,1
-3.5,2.5,1.0,300,9,True,0.0299,10
-3.5,2.5,1.0,300,10,True,0.0233,8
-3.5,2.5,1.0,600,1,True,0.0566,11
-3.5,2.5,1.0,600,2,True,0.0778,12
-3.5,2.5,1.0,600,3,True,0.0838,10
-3.5,2.5,1.0,600,4,True,0.0384,11
-3.5,2.5,1.0,600,5,True,0.0371,8
-3.5,2.5,1.0,600,6,True,0.1081,12
-3.5,2.5,1.0,600,7,True,0.0537,13
-3.5,2.5,1.0,600,8,True,0.0235,9
-3.5,2.5,1.0,600,9,True,0.0288,11
-3.5,2.5,1.0,600,10,True,0.0523,16
-3.5,2.5,1.0,900,1,True,0.0529,9
-3.5,2.5,1.0,900,2,True,0.0516,12
-3.5,2.5,1.0,900,3,True,0.0315,13
-3.5,2.5,1.0,900,4,True,0.0133,11
-3.5,2.5,1.0,900,5,True,0.0162,9
-3.5,2.5,1.0,900,6,True,0.0560,10
-3.5,2.5,1.0,900,7,True,0.0179,12
-3.5,2.5,1.0,900,8,True,0.0137,9
-3.5,2.5,1.0,900,9,True,0.0081,8
-3.5,2.5,1.0,900,10,True,0.0124,11
8.0,2.5,0.2,100,1,False,0.0132,1
8.0,2.5,0.2,100,2,False,0.0152,1
8.0,2.5,0.2,100,3,False,0.0116,1
8.0,2.5,0.2,100,4,False,0.0183,1
8.0,2.5,0.2,100,5,False,0.0226,1
8.0,2.5,0.2,100,6,False,0.0115,1
8.0,2.5,0.2,100,7,False,0.0086,1
8.0,2.5,0.2,100,8,False,0.0082,1
8.0,2.5,0.2,100,9,False,0.0190,1
8.0,2.5,0.2,100,10,False,0.0102,1
8.0,2.5,0.2,300,1,False,0.0340,1
8.0,2.5,0.2,300,2,False,0.0297,1
8.0,2.5,0.2,300,3,False,0.0400,1
8.0,2.5,0.2,300,4,False,0.0376,1
8.0,2.5,0.2,300,5,False,0.0349,1
8.0,2.5,0.2,300,6,False,0.0300,1
8.0,2.5,0.2,300,7,False,0.0312,1
8.0,2.5,0.2,300,8,False,0.0351,1
8.0,2.5,0.2,300,9,False,0.0346,1
8.0,2.5,0.2,300,10,False,0.0417,1
8.0,2.5,0.2,600,1,False,0.0864,1
8.0,2.5,0.2,600,2,False,0.0745,1
8.0,2.5,0.2,600,3,False,0.0919,1
8.0,2.5,0.2,600,4,False,0.0743,1
8.0,2.5,0.2,600,5,False,0.0714,1
8.0,2.5,0.2,600,6,False,0.0790,1
8.0,2.5,0.2,600,7,False,0.0710,1
8.0,2.5,0.2,600,8,False,0.0859,1
8.0,2.5,0.2,600,9,False,0.0804,1
8.0,2.5,0.2,600,10,False,0.0974,1
8.0,2.5,0.2,900,1,False,0.1464,1
8.0,2.5,0.2,900,2,False,0.1394,1
8.0,2.5,0.2,900,3,False,0.1358,1
8.0,2.5,0.2,900,4,False,0.1412,1
8.0,2.5,0.2,900,5,False,0.1409,1
8.0,2.5,0.2,900,6,False,0.1285,1
8.0,2.5,0.2,900,7,False,0.1335,1
8.0,2.5,0.2,900,8,False,0.1159,1
8.0,2.5,0.2,900,9,False,0.1417,1
8.0,2.5,0.2,900,10,False,0.1320,1
8.0,2.5,0.5,100,1,False,0.0178,1
8.0,2.5,0.5,100,2,False,0.0168,1
8.0,2.5,0.5,100,3,False,0.0144,1
8.0,2.5,0.5,100,4,False,0.0173,1
8.0,2.5,0.5,100,5,False,0.0146,1
8.0,2.5,0.5,100,6,False,0.0116,1
8.0,2.5,0.5,100,7,False,0.0130,1
8.0,2.5,0.5,100,8,False,0.0111,1
8.0,2.5,0.5,100,9,False,0.0224,1
8.0,2.5,0.5,100,10,False,0.0175,1
8.0,2.5,0.5,300,1,False,0.0455,1
8.0,2.5,0.5,300,2,False,0.0332,1
8.0,2.5,0.5,300,3,False,0.0361,1
8.0,2.5,0.5,300,4,False,0.0417,1
8.0,2.5,0.5,300,5,False,0.0450,1
8.0,2.5,0.5,300,6,False,0.0386,1
8.0,2.5,0.5,300,7,False,0.0441,1
8.0,2.5,0.5,300,8,False,0.0524,1
8.0,2.5,0.5,300,9,False,0.0376,1
8.0,2.5,0.5,300,10,False,0.0359,1
8.0,2.5,0.5,600,1,False,0.1093,1
8.0,2.5,0.5,600,2,False,0.1003,1
8.0,2.5,0.5,600,3,True,0.0670,30
8.0,2.5,0.5,600,4,False,0.1083,1
8.0,2.5,0.5,600,5,False,0.0914,1
8.0,2.5,0.5,600,6,False,0.1355,1
8.0,2.5,0.5,600,7,False,0.1052,1
8.0,2.5,0.5,600,8,False,0.1240,1
8.0,2.5,0.5,600,9,False,0.1141,1
8.0,2.5,0.5,600,10,False,0.1222,1
8.0,2.5,0.5,900,1,True,0.0960,26
8.0,2.5,0.5,900,2,True,0.1150,26
8.0,2.5,0.5,900,3,False,0.1962,1
8.0,2.5,0.5,900,4,True,0.1370,31
8.0,2.5,0.5,900,5,False,0.1909,1
8.0,2.5,0.5,900,6,True,0.1283,27
8.0,2.5,0.5,900,7,True,0.1769,35
8.0,2.5,0.5,900,8,True,0.1354,28
8.0,2.5,0.5,900,9,False,0.1788,1
8.0,2.5,0.5,900,10,True,0.1684,32
8.0,2.5,0.8,100,1,False,0.0331,1
8.0,2.5,0.8,100,2,False,0.0179,1
8.0,2.5,0.8,100,3,False,0.0324,1
8.0,2.5,0.8,100,4,False,0.0182,1
8.0,2.5,0.8,100,5,False,0.0179,1
8.0,2.5,0.8,100,6,False,0.0104,1
8.0,2.5,0.8,100,7,False,0.0113,1
8.0,2.5,0.8,100,8,False,0.0269,1
8.0,2.5,0.8,100,9,False,0.0191,1
8.0,2.5,0.8,100,10,False,0.0134,1
8.0,2.5,0.8,300,1,False,0.0529,1
8.0,2.5,0.8,300,2,False,0.0487,1
8.0,2.5,0.8,300,3,False,0.0536,1
8.0,2.5,0.8,300,4,True,0.0227,22
8.0,2.5,0.8,300,5,False,0.0380,1
8.0,2.5,0.8,300,6,False,0.0336,1
8.0,2.5,0.8,300,7,False,0.0418,1
8.0,2.5,0.8,300,8,False,0.0418,1
8.0,2.5,0.8,300,9,False,0.0440,1
8.0,2.5,0.8,300,10,False,0.0503,1
8.0,2.5,0.8,600,1,True,0.0735,18
8.0,2.5,0.8,600,2,True,0.0685,19
8.0,2.5,0.8,600,3,True,0.0567,20
8.0,2.5,0.8,600,4,True,0.0455,22
8.0,2.5,0.8,600,5,False,0.0928,1
8.0,2.5,0.8,600,6,True,0.0701,20
8.0,2.5,0.8,600,7,True,0.0874,25
8.0,2.5,0.8,600,8,True,0.0730,16
8.0,2.5,0.8,600,9,False,0.1141,1
8.0,2.5,0.8,600,10,True,0.0511,18
8.0,2.5,0.8,900,1,True,0.0550,18
8.0,2.5,0.8,900,2,True,0.0535,23
8.0,2.5,0.8,900,3,True,0.1256,18
8.0,2.5,0.8,900,4,True,0.0343,19
8.0,2.5,0.8,900,5,True,0.0645,19
8.0,2.5,0.8,900,6,True,0.0809,17
8.0,2.5,0.8,900,7,True,0.1331,22
8.0,2.5,0.8,900,8,True,0.1068,22
8.0,2.5,0.8,900,9,True,0.0354,15
8.0,2.5,0.8,900,10,True,0.0373,19
8.0,2.5,1.0,100,1,False,0.0137,1
8.0,2.5,1.0,100,2,False,0.0196,1
8.0,2.5,1.0,100,3,False,0.0209,1
8.0,2.5,1.0,100,4,False,0.0206,1
8.0,2.5,1.0,100,5,False,0.0259,1
8.0,2.5,1.0,100,6,False,0.0167,1
8.0,2.5,1.0,100,7,False,0.0168,1
8.0,2.5,1.0,100,8,False,0.0224,1
8.0,2.5,1.0,100,9,False,0.0256,1
8.0,2.5,1.0,100,10,False,0.0239,1
8.0,2.5,1.0,300,1,True,0.0292,15
8.0,2.5,1.0,300,2,False,0.0450,1
8.0,2.5,1.0,300,3,False,0.0551,1
8.0,2.5,1.0,300,4,True,0.0450,13
8.0,2.5,1.0,300,5,True,0.0388,12
8.0,2.5,1.0,300,6,True,0.0248,14
8.0,2.5,1.0,300,7,True,0.0441,16
8.0,2.5,1.0,300,8,True,0.0293,15
8.0,2.5,1.0,300,9,True,0.0312,14
8.0,2.5,1.0,300,10,True,0.0317,15
8.0,2.5,1.0,600,1,True,0.0970,14
8.0,2.5,1.0,600,2,True,0.0561,16
8.0,2.5,1.0,600,3,True,0.0275,17
8.0,2.5,1.0,600,4,True,0.0277,18
8.0,2.5,1.0,600,5,False,0.1137,1
8.0,2.5,1.0,600,6,True,0.0362,14
8.0,2.5,1.0,600,7,True,0.0308,15
8.0,2.5,1.0,600,8,True,0.1093,16
8.0,2.5,1.0,600,9,True,0.0696,16
8.0,2.5,1.0,600,10,True,0.0887,21
8.0,2.5,1.0,900,1,True,0.0697,21
8.0,2.5,1.0,900,2,True,0.0474,15
8.0,2.5,1.0,900,3,True,0.0562,16
8.0,2.5,1.0,900,4,True,0.0525,15
8.0,2.5,1.0,900,5,True,0.1162,18
8.0,2.5,1.0,900,6,True,0.0409,16
8.0,2.5,1.0,900,7,True,0.0340,16
8.0,2.5,1.0,900,8,True,0.0250,15
8.0,2.5,1.0,900,9,True,0.0348,15
8.0,2.5,1.0,900,10,True,0.0411,12
